{
  "project_info": {
    "project_number": "314171353149",
    "firebase_url": "https://ecommerceapp32.firebaseio.com",
    "project_id": "ecommerceapp32",
    "storage_bucket": "ecommerceapp32.appspot.com"
  },
  "client": [
    {
      "client_info": {
        "mobilesdk_app_id": "1:314171353149:android:c806ab8d0d67a09d",
        "android_client_info": {
          "package_name": "ani.com.ecommerceapp3"
        }
      },
      "oauth_client": [
        {
          "client_id": "314171353149-aflh9adavr7cs4v2gukavddi3at75o9g.apps.googleusercontent.com",
          "client_type": 1,
          "android_info": {
            "package_name": "ani.com.ecommerceapp3",
            "certificate_hash": "79ddc20612f41aa0f304131b7d2d5618c4d035aa"
          }
        },
        {
          "client_id": "314171353149-5kl293kojf48daqm0dpavvu5a9g82qj3.apps.googleusercontent.com",
          "client_type": 3
        }
      ],
      "api_key": [
        {
          "current_key": "AIzaSyDqdSLT-zbV8bw0MbqwYxy6HhuOCnUwbww"
        }
      ],
      "services": {
        "analytics_service": {
          "status": 1
        },
        "appinvite_service": {
          "status": 2,
          "other_platform_oauth_client": [
            {
              "client_id": "314171353149-5kl293kojf48daqm0dpavvu5a9g82qj3.apps.googleusercontent.com",
              "client_type": 3
            }
          ]
        },
        "ads_service": {
          "status": 2
        }
      }
    }
  ],
  "configuration_version": "1"
}